https://github.com/sainathatheli/5APlusplus




What is a Database?

A Data Base is an Organized Collection of Data which can be easily
accessed, managed and updated.
In today’s World, Data plays a vital role in every business. In our day to day life, we see or
interact with many applications and Software’s, every application that we see or work with will
have two parts:

1. GUI (Graphical User Interface / Front end)
2. Database

To keep it simple GUI is the part where user interacts with (like Facebook applications – look
and feel) and the Data that we see in the application (like Facebook profile, messages, images
and videos) are pulled from Database.


End User who interacts with the application may not know how the data is being fetched and
where so much of information is stored. Internally all the dynamic content that we see in the
application is fetched from Database.

Database and all its components should be designed and configured at the time of application
development. Once the application is developed we will not be able to make changes to the
database structure as every change will hugely affect the business application GUI code.
It is very important to make sure that data is securely maintained and accurately stored. 

So to maintain security and accuracy in database a set of rules / software system is defined and that
we call it as DBMS (Data Base Management System – which performs all the operations on the
database)

What is DBMS?

DBMS (Database Management System) is a software tool that is used to store and manage data
in the Database.

A database management system contains a set of programs that control the creation,
maintenance, and use of a database. Like:

Adding new data to the table.
Modifying existing data.
Deleting unwanted data.

DBMS allows different user application programs to concurrently access the same database.
Before Database and DBMS were introduced, traditional approach was to store data in flat files
(physical files in system) but there were some disadvantages with it.

What is RDBMS?
A relational database management system (RDBMS) is a Database Management System
(DBMS) that is based on the relational model introduced by E. F. Codd and most popular 
databases currently in use are based on the relational database model. To put in different 
words RDBMS is built on top of in which data is stored in tables and the relationships among 
the data are maintained. The data stored in a table is organized into rows and columns. Each 
row in a table represents an individual record and each column represents a field. A record is 
an individual entry in the database.

Difference between DBMS and RDBMS
----------------------------------
For example, consider the database which stores employee information. 
In DBMS, all details like empno, ename, job, salary, deptno, dname, location, street, city, state, phone will 
be stored in a single table. 

But in RDBMS, the data model will be designed in such a way that 
like the empno, ename, job, salary and deptno will be stored in emp table and deptno, dname, location will be stored in dept table and location, street, city, state, phone will be stored under locations table. 

Any information to be obtained is done by properly relating the ‘emp’, ‘dept’ 
and ‘locations’ tables.



MYSQL:
======-------

Sql is classified into 

DDL
===
Data definition Language 

DDl is used to specify the structure or schema for Objects

cmds are : create,truncate,alter,rename,drop

DML
===
Data manipulation Language

DMl is used to perform insert or update or delete a record from database Object(table)

commands are :- insert,update,delete


DRl(Data retrevial language)
 or DQL(Data query language)
============================

Drl is used t retrieve the data from the table

command:
=======

select



DDL:
====

create command is used to specify the structure for Objects(database,table,view,procedure,function...etc)


Step1:
======
if you want to create any objects in mysql we need to use database.


1)createing a database:

syntax:
=======

create database <specify database name>

ex:
===

create a database named as cts.

sol:
====

create database cts;


to list all the database:
=========================

cmd is :‑‑‑

show databases;



to create any objects(database,table,view,procedure,function...etc)
 in database first we need to use the database:
====================================================================

cmd:
-----

use database;

ex:
----

use cts;


to check current your are in which database:
=============================================

cmd:
----

select database();



creating a table:
=================
syntax:
=======

creat table  [if not exists] tableName  (
                                         col1 datatype,
                                            col2 dataetype,
                                                 col3 datatype,,,,,,,,,coln datatype);

ex:
===
tablename: employee

columnsName    datatype   size

empno	      int         4
ename	      varchar     20
sal           decimal     10,2   -->738.30


sol:
====

create table employee(empno int(4),ename varchar(20),sal decimal(10,2));


to list all the tables from database:
=====================================
cmd:
----

show tables;


to describe the structure of the table:
=======================================

syntax:
-------

describe  tablename;

ex:
---

describe employee;


Once the table is created we need to insert data(record) into 
table for all columns using insert command
====================================================

syntax:
-------

insert into tablename values(value1,value2.....,valuen);

ex:
===

insert five records into table employee

sol:
----

insert into employee values(101,'smith',3000);

insert into employee values(103,'scott',4000);

insert into employee values(104,'martin',2000);

insert into employee values(102,'john',5000);

insert into employee values(105,'raju',3000);


to list the data or records from the table:
===========================================

syntax:
=======

select * from tablename;

ex:
===

select * from employee;



alter:
======

alter command is used to modifiy or alter the structure of the table.

a) using alter add a new column
-------------------------------
syntax:
-------

alter table tablename add columnName datatype;


ex:
---
Add column name is job to existing table employee.

sol:
====

alter table employee add job varchar(20);


ex2:
===

add mutiple columns address,mobilno columns to employee;

sol:
====

alter table employee add (mobileNo int(10),address varchar(20));


b)using alter modifying existing column:
----------------------------------------

syntax:
-------

alter table tablename modify colunname datatype;


ex:
===
modify the size of job column 20 to 10 size.

sol:
=====
alter table employee modify job varchar(10);


ex:
===
modify the size of address column 20 to 30 size.

sol:
----
alter table employee modify address varchar(30);


ex:
---
change mobileno datatype int to decimal

sol:
----
alter table employee modify mobileNo decimal(10);

note:
=====
if want to  decrease the size or change the datatype of column
firt we need to make column should contain null values.


c)using alter we can drop a column
===================================
syntax:
-------

alter table tablename drop columname;

ex:
===

drop a column address  using alter from employee table

sol:
----

alter table employee drop address;


d)using alter we can rename a columnanme:
==========================================

syntax:
--------

alter table tablename rename column oldcolname to new colname;

ex:
---
rename columname sal to salary in employee table

sol:
---

alter table employee rename column sal to salary;


e)using alter we can add a constraint:
======================================
syntax:
-------

alter table tablename add constraint constraintname column;



3)rename at DDL:
==============

rename a object 

syntax:
=======

rename table oldtablename to newtablename;

ex:
===
rename table name employee to employees;

sol:
---

rename table employee to employees;


4) truncate :
=============
truncate command is used to remove or delete all the records or rows or tuples from a table.

note:
====
once table is truncated we cannot restore those delete records.

syntax:
-------
truncate table tablename;


ex:
---
truncate a table employees;

sol:
----
truncate table employee;


5)drop
======

drop command is used to drop a objects(table,function,procedure...etc);

note:
-----
drop command will remove the strucutre and data from the database.

syntax:
========

drop table tablename;

ex:
---

drop a table named as employees;

sol:
----

drop table employees;


DML:
====
Dml is used to perform manipulation(insert,update,delete) on the table data.


insert:
=======
using insert command we can insert a row or record into table.


1)insert record for the all the columns:
=========================================

a) create table named as employees(empno,ename,job,sal,hiredate);  date format:-  'yyyy-mm-dd'

b) insert five records into employees table for all the columns.


sol:
====

create table employees(empno int(4),ename varchar(20),job varchar(15),sal decimal(10,2),hiredate date);


insert into employees values(7547,'smith','salesman',3000,'2018-10-02');

insert into employees values(7566,'martin','accounts',4000,'2017-01-08');

insert into employees values(7544,'john','hr',5000,'2018-01-10');

insert into employees values(7565,'rahul','research',5000,'2015-09-21');

insert into employees values(7556,'roja','clerk',4000,'2014-02-02');
 

2)insert the record into a table for specific columns:
------------------------------------------------------

syntax:
=======

insert into tablename (col1,col2,col3,col4) values (value1,value2,value3,value4);

ex:
===
insert 3 record into a table for specific columns(empno,ename,sal) of employees

sol:
====

insert into employees(empno,ename,sal) values (7856,'venkat',6000);


insert into employees(empno,ename,sal) values (7968,'srikar',5000);


insert into employees(empno,ename,sal) values (7868,'sumit',4000);



3)insert multiple records :
============================

syntax:
-------

insert into tablename  values 
    (value1,value2,value3,value4),
    (value1,value2,value3,value4),
  (value1,value2,value3,value4),
  (value1,value2,value3,value4),
   (value1,value2,value3,value4);


ex:
===
insert multiple records into employees table

sol:
----

insert into employees values 
  (7187,'madhu','Trainee',4000,'2020-12-10'),
  (7154,'suhas','manager',6000,'2009-09-09'),
  (7787,'balu','analyist',9000,'2018-10-02');




Update:
=======
update is used to update the existing record data from the table.

syntax:
=======

update tablename set colname1=value1,colname2=value2,colname=value3 
                                      [where condition]

note:
====
If where condition is not specified then all the records will be 
 updated in the table.


Ex:
===
update sal column(3000 to 5000) of employees record where empno 7547 

sol:
====

update employees set sal=5000 where empno=7547;

Ex
---
write a query to update job,ename columns of employees table where sal is 5000;

sol:-
=====

update employees set ename='AAA',job='consultant' where sal=5000;

Ex:
===
write a query to update sal with bonus 100 for all the employees;

sol:
----

update employees set sal=sal+1000;



delete:
=======
delete command is used to delete a specific records based on condition or
we can delete all the records with out condition.

syntax:
-------

delete from tablename [where condition];

note:
=====
if where condition is not specified all the records will be deleted.


ex:
===
write a query to delete a record from employees table where sal is 10000;

sol:
----

delete from employees where sal=10000;

ex:
===

write a query to delete a records from employees table where sal is 6000;

sol:
----
delete from employees where sal=6000;



DRL:
====
cmd: select

select command is used to display all columns or specific columns data from a table.

syntax:
-------
select * [specific columns] from tablename [where condition]


ex1:
====
write a query to all the records from the employees table?

sol:
----
select * from employees;


ex2:
====
write a query to display empno,enmae,sal from employees table ?

sol:
----
select empno,ename,sal from employees;


ex3:
----

write a query to display records where sal is 5000 to 7000 ?

sol:
----
select * from employees where sal>=5000 and sal<=7000;




Insert into select:
===================
inser into select statement copies the data from one table and
 inserts into antoher table

note:
-----
In insert into select statement that source data types and target
data types should be same.


sytntax:
--------
insert into tgt_tablename select *[specific columns ] from src_tablename 
[where condition]

 
ex1:
===
copy the empno,ename columns data from employees table and insert
into student(sid,sname);

sol:
====
create table student(sid int(4),sname varchar(20));

insert into student select empno,ename from employees ;

or

insert into student(sid,sname) select empno,ename from employees;



to display the current sysdate
==============================
select current_date();


using current_date() in insert command:
=======================================

insert into employees values (7777,'rakesh','clerk',4000,current_date())


copy table columns schema but not data:
======================================

create table tablename as select * [specific columns ] from table where 1=2;

ex1:
===

create a table named as emp11 as copy structure of empno,ename,sal with out data.

sol:
====

create table emp11 as select empno,ename,sal from employees where 1=2;


copy table columns schema with data:
======================================

create table tablename as select * [specific columns ] from table;

ex1:
===

create a table named as emp12 as copy structure and data of empno,ename,sal 
with data.

sol:
====

create table emp12 as select empno,ename,sal from employees;





CONSTRAINTS:
============
MySQL CONSTRAINT is used to define rules to allow or restrict what values can be stored in columns. 
The purpose of inducing constraints is to enforce the integrity of a database.

MySQL CONSTRAINTS are used to limit the type of data that can be inserted into a table.

MySQL CONSTRAINTS can be classified into two types - column level and table level.

The column level constraints can apply only to one column where as table level constraints are applied 
to the entire table.


MySQL CONSTRAINTs are :
-----------------------

NOT NULL
UNIQUE
PRIMARY KEY
FOREIGN KEY
CHECK
DEFAULT


NOT NULL:
---------
In MySQL NOT NULL constraint allows to specify that a column can not contain any NULL value.

syntax:
-------
create table tablename ( 
                        colum1 datatype not null,
                        column2 datatype not null,
                        column3 datatype not null)


Ex:
---
create table named as ex1(empno,ename,sal) with not null constraints.

sol:
====

create table ex1(
                 empno int(4) not null,
                  ename varchar(20) not null,
                   sal decimal(10,2) not null);


mysql> insert into ex1 values(1,null,3000);
ERROR 1048 (23000): Column 'ename' cannot be null



DEFAULT:
--------
It ensures that the column sets a default value for empty records.

In a MySQL table, each column must contain a value ( including a NULL). While inserting data into a table, 
if no value is supplied to a column, then the column gets the value set as DEFAULT.

syntax:
=======

create table tablename(
                        col1 datatype [null | not null] default value,
			col2 datatype [null | not null] default value,
			col3 datatype [null | not null] default value);

Ex:
---
create table named as ex2(sid,sname,marks) with not noll and  default constraint for marks.

sol:
----
create table ex2(
		  sid int(4) not null,
                  sname varchar(10) not null,
		  marks int(4) not null default 0);


mysql> insert into ex2 values(1,'ss',30);
Query OK, 1 row affected (0.01 sec)

mysql> insert into ex2 values(1,'ss',null);
ERROR 1048 (23000): Column 'marks' cannot be null
mysql> insert into ex2 (sid,sname) values (2,'BB');
Query OK, 1 row affected (0.01 sec)

mysql> select * from ex2;
+-----+-------+-------+
| sid | sname | marks |
+-----+-------+-------+
|   1 | ss    |    30 |
|   2 | BB    |     0 |
+-----+-------+-------+
2 rows in set (0.00 sec)			




CHECK:
------
A CHECK constraint controls the values in the associated column. 
The CHECK constraint determines whether the value is valid or not from a logical expression (condition).

syntax:
-------
check (condition)


create table tablename(
                        col1 datatype [null | not null] default value,
			col2 datatype [null | not null] check(condition) ,
			col3 datatype [null | not null] default value);


ex:
---
create a table named as ex3(sid,sname,age,address) with not null constraint and apply
check constraint for age column(age should be greater than 18)

sol:
----
colum-level
-----------
create table ex3(
		  sid int(4) not null,
		  sname varchar(10) not null,
		  age  int(3) not null check(age>18),
		  address varchar(10) not null);
 

mysql> insert into ex3 values(1,'smith',19,'CHE');
Query OK, 1 row affected (0.01 sec)

mysql> insert into ex3 values(2,'smith',17,'CHE');
ERROR 3819 (HY000): Check constraint 'ex3_chk_1' is violated.
mysql>


table-level:
============
syntax;
------
create table tablename(
                        col1 datatype [null | not null],
			col2 datatype [null | not null] ,
			col3 datatype [null | not null] default value,
                        check(condition) );

ex:
---
create a table named as ex4(empno,ename,sal,job,address) with check constraint for sal(sal>1500) at table level

sol:
----
create table ex4(
		empno int(4) not null,
		ename varchar(10) not null,
		sal int(5) not null,
		job varchar(10) not null,
		address varchar(10),
		check(sal>1500));

mysql> insert into ex4 values(101,'john',1600,'clerk','boston');
Query OK, 1 row affected (0.01 sec)

mysql> insert into ex4 values(102,'martin',1400,'accounts','ny');
ERROR 3819 (HY000): Check constraint 'ex4_chk_1' is violated.






UNIQUE:
-------
The UNIQUE constraint in MySQL does not allow to insert a duplicate value in a column.
 
The UNIQUE constraint maintains the uniqueness of a column in a table. 
More than one UNIQUE column can be used in a table.

colum-level
-----------
create table tablename(
                        col1 datatype [null | not null] default value,
			col2 datatype [null | not null] unique,
			col3 datatype [null | not null] default value);



ex:
---
create table named as ex5(empno,ename,sal) with not null constraint for ename,sal and unique constraint
for empno

sol:
----
create table ex5(
                  empno int(5) unique,
		  ename varchar(10) not null,
		  sal int(5) not null);


mysql> insert into ex5 values(1,'rohan',4000);
Query OK, 1 row affected (0.01 sec)

mysql> insert into ex5 values(1,'ew',5000);
ERROR 1062 (23000): Duplicate entry '1' for key 'empno'
mysql> insert into ex5 values(null,'ew',5000);


Table-level
-----------
create table tablename(
                        col1 datatype [null | not null],
			col2 datatype [null | not null],
			col3 datatype [null | not null],
			unique(columname),
                        );

ex:
---
create table ex6( empno int(4),
		  ename varchar(10) not null,
	          sal int(5) not null,
		  job varchar(10) not null,
		  unique(empno));


mysql> insert into ex6 values(1,'ew',5000,'hr');
Query OK, 1 row affected (0.01 sec)

mysql> insert into ex6 values(1,'ew',5000,'hr');
ERROR 1062 (23000): Duplicate entry '1' for key 'empno'





PRIMARY KEY:
------------
It uniquely identifies a row in the table. It is a combination of NOT NULL and UNIQUE constraints

A PRIMARY KEY constraint for a table enforces the table to accept unique data for a specific column.

Note:
-----
A Table Should contain only one primary key.


syntax:
-------

colum-level

create table tablename(
                        col1 datatype primary key,
			col2 datatype not null
			col3 datatype not null);

ex:
---
create a table named as ex7(empno,ename,sal)with primary key (empno)

sol:
----
create table ex7( empno int(4) primary key,
		  ename varchar(10) not null,
		  sal int(5));

mysql> insert into ex7 values(1,'ashok',300);
ERROR 1062 (23000): Duplicate entry '1' for key 'Primay'
mysql> insert into ex7 values(null,'ashok',300);
ERROR 1048 (23000): Column 'empno' cannot be null


Table-level:
-------------

create table tablename(
                        col1 datatype ,
			col2 datatype not null,
			col3 datatype not null,
			primary key(columnname),
			);

ex:
---
create table ex8( empno int(4),
		  ename varchar(10),
		  sal int(5),
		  primary key(empno));


mysql> insert into ex8 values(1,'ashok',300);
Query OK, 1 row affected (0.01 sec)

mysql> insert into ex8 values(1,'ashok',300);
ERROR 1062 (23000): Duplicate entry '1' for key 'PRIMARY'
mysql> insert into ex8 values(null,'ashok',300);
ERROR 1048 (23000): Column 'empno' cannot be null
mysql>



FOREIGN KEY:
------------
A FOREIGN KEY in MySQL creates a link between two tables by one specific column of both tables. 

The specified column in one table must be a PRIMARY KEY and 
referred by the column of another table known as FOREIGN KEY.

we can add foreign key for specified column using References keyword.

syntax:
-------
column-level
------------

create table tablename(col1 datatype,
			col2 datatype,
			col 3 datatype,
			specified_column datatype references parent_table(primary key column name));
                        specified_column datatype references parent_table(primary key column name));

ex:
---
create parenttable named as dept_1(deptno,dname,loc) and here deptno is primary key
create child table named as emp_1(empno,ename,sal deptno) here-deptno is specified column
and empno is pk ,link between two tables dept_1,emp_1 using specified column(deptno);

sol:
---
create table dept_1(
			deptno int(3) primary key,
			dname varchar(10),
			loc varchar(10)
                    );

create table emp_1(
		    empno int(4) primary key,
		    ename varchar(10),
		    sal int(5),
		    deptno int(3) references dept_1(deptno));  

 
first insert into parent table followed by child table.

select COLUMN_NAME, CONSTRAINT_NAME, REFERENCED_COLUMN_NAME, REFERENCED_TABLE_NAME
from information_schema.KEY_COLUMN_USAGE
where TABLE_NAME = 'EMP_1';


Ex:
---
table-level
-----------
syntax:
-------
create table tablename(col1 datatype,
			col2 datatype,
			col 3 datatype,
 			specifiedcolumn datatype,
		       foreign key(specified_column) REFERENCES parent_table(Specified_column-pk);



create a table name is course(cid,cname,fee)  -->cid act as pk

create a table name is student_1(sid,sname,address,cid)--> sid is pk and cid fk
link two tables using a specified column(cid).


sol:
----
create table course(
                     cid int(4),
		     cname varchar(10),
                     fees int(4),
		     primary key(cid));


child table:
-------------
create table student_1(
			sid int(4),
	   		sname varchar(10),
			address varchar(10),
			cid int(4),
			primary key(sid),
			foreign key(cid) REFERENCES course(cid));


to display all constraints from STUDENT_1 table
================================================
select COLUMN_NAME, CONSTRAINT_NAME, REFERENCED_COLUMN_NAME, REFERENCED_TABLE_NAME
from information_schema.KEY_COLUMN_USAGE
where TABLE_NAME = 'STUDENT_1';


first insert the records into parent table followed by child table.


 ON DELETE CASCADE:
 ==================
 IF TRY TO DELETE A RECORD FROM PARENT TABLE IF
 THEIR EXISTS DEPENDENT RECORD (CHILD RECORD),WE WILL GET
 ERROR

 
 TO RESOLVE THIS ERROR
 ----------------------

 WE NEED TO CREATE A CHILD TABLE WITH FOREIGN KEY FOLLOWED BY
 ON DELETE CASCADE CONSTRAINT.


 Ex:
 ---
  create table named as product_1(pid,pname,price) --> pid is pk
  create table named as customer_1(cid,cname,address,pid)--> cid is pk and pid is fk
  link two tables using specified column(pid) with on delete cascade;

sol:
====

create table product_1(pid int(4) primary key,
		       pname varchar(10),
	               price decimal(10,2));


child table with on delete cascade:
-----------------------------------

create table customer_1(  
			  cid int(4) primary key,
			  cname varchar(10),
			  caddress varchar(10),
			  pid int(4),
                          foreign key(pid) REFERENCES product_1(pid) on delete cascade);


first insert the records into parent table followed by child table.

delete a record from parent check it record is delete or not ? yes deleted



To display all constraints on a table, you can try any of the following methods 
----------------------------------------------------------------------------------

Method 1 − Using SHOW command
------------------------------
You can check with the help of show command. 

The syntax is as follows 
------------------------

SHOW CREATE TABLE yourTableName;


Method 2 − Using information.schema
------------------------------------
you can use information.schema. 

The syntax is as follows
------------------------

select COLUMN_NAME, CONSTRAINT_NAME, REFERENCED_COLUMN_NAME, REFERENCED_TABLE_NAME
from information_schema.KEY_COLUMN_USAGE
where TABLE_NAME = 'yourTableName';


ex:
====

select COLUMN_NAME, CONSTRAINT_NAME, REFERENCED_COLUMN_NAME, REFERENCED_TABLE_NAME
from information_schema.KEY_COLUMN_USAGE
where TABLE_NAME = 'EMP_1';


Alter Level:
============
ex:
---

create table emp_dup(empno int(4),ename varchar(10),sal int(5));

adding primary key for empno at alter level:
-----------------------------------------

alter table emp_dup add primary key(empno);

adding check constraint for sal alter level:
--------------------------------------------
alter table emp_dup add check(sal>1500);


adding unique constraint at alter level:
=========================================
syntax:
-------
alter table tablename add unique(columname);

adding foreign key constraint at alter level:
==============================================
syntax:
-------
alter table tablename add foreign key(specifiedcolumn) REFERENCES parent_table(specified-column-pk);

note:
-----
Adding not null and default constraint at alter level and table level are not possibe.



select COLUMN_NAME, CONSTRAINT_NAME, REFERENCED_COLUMN_NAME, REFERENCED_TABLE_NAME
from information_schema.KEY_COLUMN_USAGE
where TABLE_NAME = 'EMP_DUP';


to drop a constraint a column:
==============================

alter table tablename drop constraint_name;

alter table emp_dup drop PRIMARY key;



Mysql Aliases:
==============
Mysql aliases can be used to create a temporary name for columns or tables.

syntax for columns:
-------------------

column_name [As] alias_name

syntax for tables:
==================

table_name [as] alias_name


ex:
----
mysql> select current_date() as 'todayDate' ;

mysql> select current_date() 'todayDate' ;

mysql> select current_date() todayDate ;
+------------+
| todayDate  |
+------------+
| 2021-03-03 |
+------------+


ex:
---
mysql> select e.ename,e.sal from employees as e;

mysql> select e.ename,e.sal from employees e;



Mysql Aliases:
==============
Mysql aliases can be used to create a temporary name for columns or tables.

syntax for columns:
-------------------

column_name [As] alias_name

syntax for tables:
==================

table_name [as] alias_name


ex:
----
mysql> select current_date() as 'todayDate' ;

mysql> select current_date() 'todayDate' ;

mysql> select current_date() todayDate ;
+------------+
| todayDate  |
+------------+
| 2021-03-03 |
+------------+


ex:
---
mysql> select e.ename,e.sal from employees as e;

mysql> select e.ename,e.sal from employees e;



Scriptfile:
===========
create a file , specify group of mysql commands and save the file with filename.sql

to run script file:
===================
source  <absoultepathof the scriptfile.sql>


Ex:
===
create a file named as mysqlscript.sql
and add the following below commands

1) create a table named as perosns(person_id,person_name,address);

2) describe table persons

3) insert multiple records into persons

4) display the records from the persons table.


to run :
--------
source mysqlscript.sql



 JOINS:
  ======
   Join are used to retrieve the records from multiple tables .

   join are used to create temporary a relation between the tables
   based on common column.

   if suppose we have n tables ,then the atleast the possible
   join conditions are n-1.

   join are performed based on a common column datatype.


  Mysql supports following the types of joins
  -------------------------------------------

  Inner join

  Left join
  Right join
  Full outer join

  Self-join
  Cross join


  InnerJoin or equi-join:
  -----------------------
  Inner joins fetch or return the matched records from the both tables.

  syntax:
  --------
  select specific_columns from table1 alias name inner join table2 aliasename 
                                 on(table1.common_column_name=table2.common_column_name);



  Ex:
  ---
  write a inner join or equi-join to fetch matched records from dept,emp tables.
  dept(deptno,dname,loc)
  emp(empno,ename,sal,job,deptno)

  sol:
  ---
  select d.deptno,d.dname,d.loc,e.empno,e.ename,e.sal,e.job,e.deptno 
   					from dept d  inner join emp e on(d.deptno=e.deptno);

  

  left Join:
  ---------
  left outer join fetches the matched records from both tables and
  non-matched records from the left table.

  syntax:
  ------
  select specific_columns from table1 alias name left [outer] join table2 aliasename 
                                 on(table1.common_column_name=table2.common_column_name);
  
  note:
  ----
  Here table1 act as left table.

  Ex:
  ---
  write a join  to fetch matched records from dept,emp tables and non-matched records from dept.
  dept(deptno,dname,loc)
  emp(empno,ename,sal,deptno)

  sol:
  ---
  select d.deptno,d.dname,d.loc,e.empno,e.ename,e.sal,e.deptno 
   					from dept d left join emp e on(d.deptno=e.deptno);


  Right Join:
  ---------
  Right outer join fetches the matched records from both tables and
  non-matched records from the Right table.

  syntax:
  ------
  select specific_columns from table1 alias name Right [outer] join table2 aliasename 
                                 on(table1.common_column_name=table2.common_column_name);
  
  note:
  ----
  Here table2 act as right table.

  Ex:
  ---
  write a join  to fetch matched records from dept,emp tables and non-matched records from emp.
  dept(deptno,dname,loc)
  emp(empno,ename,sal,deptno)

  sol:
  ---
  select d.deptno,d.dname,d.loc,e.empno,e.ename,e.sal,e.deptno 
   					from dept d Right join emp e on(d.deptno=e.deptno);


  Full outer Join:
  ---------------
  Full outer join fetches the matched records and
  non-matched records from the both tables.

  syntax:
  ------
  select specific_columns from table1 alias name Full [outer] join table2 aliasename 
                                 on(table1.common_column_name=table2.common_column_name);

   Ex:
  ---
  write a join  to fetch matched records and non-matched records from dept,emp tables.
  emp(empno,ename,sal,deptno)

  sol:
  ---
  select d.deptno,d.dname,d.loc,e.empno,e.ename,e.sal,e.deptno 
   					from dept d full join emp e on(d.deptno=e.deptno);


  --we can perform full outer join by union using left join and right join
  ------------------------------------------------------------------------

  select d.deptno,d.dname,d.loc,e.empno,e.ename,e.sal,e.deptno 
   					from dept d left join emp e on(d.deptno=e.deptno)
  union
  select d.deptno,d.dname,d.loc,e.empno,e.ename,e.sal,e.deptno 
   					from dept d Right join emp e on(d.deptno=e.deptno);




1)Write a query to get empno,ename,sal from emp
  deptno,dname,loc from dept by using selection criteria display the deptno 20 decords.

sol:
----
select e.empno,e.ename,e.sal,d.deptno,d.dname,d.loc from dept d join emp e
on(d.deptno=e.deptno) and d.deptno=20;

or

select e.empno,e.ename,e.sal,d.deptno,d.dname,d.loc from dept d,emp e
where d.depnto=e.deptno and d.deptno=20;












  self Join:
  ---------
  A self join is a join that is used to join a table with itself.

  note:
  ----
   we need to create  two aliasname on the same table.

  ex:
  ---
  write a query to display employeenames and its managers from emp table using self join?
 
  sol:
  ----

  select e.ename,m.ename as manager from emp e ,emp m where m.empno=e.mgr;
 

  cross Join:
  -----------
  It will perform cartesian product.

  ex:
  ==
  write query to perform cross join between dept and emp ?
  dept--5records
  emp -- 15 records 
  cross join -- 5*15 = 75 records

 sol:
 ----
  select d.deptno,d.dname,d.loc,e.empno,e.ename,e.sal from dept d cross join emp e;

  or

  select d.deptno,d.dname,d.loc,e.empno,e.ename,e.sal from dept d,emp e;




NATURAL JOIN:
 =============
 NATURAL JOIN IS SIMILAR TO INNER JOIN,
 BUT THE CONDITION IS PERFORMED IMPLICITY BASED ON COLUMN NAME.

 EX:
 ===   

 SELECT E.ENAME,D.DNAME FROM
 DEPT D NATURAL JOIN EMP E;

 NOTE:
 ===== 
 IN NATURAL JOIN THE COMMON COLUMN NAME BETWEEN  THE TWO TABLE
 MUST BE SAME. IF NOT IT WILL PERFORM CROSS JOIN

 NATURAL JOIN IS DEPENDENT ON COLUMN NAME .




NON-EQUI JOIN:
==============
=,!= OTHER THAN THESE OPERATORS(like between,in,...)


SALGRADE Table
------------------
CREATE TABLE SALGRADE (GRADE int,LOSAL int,HISAL int); 

INSERT INTO SALGRADE VALUES (1,  700, 1200); 
INSERT INTO SALGRADE VALUES (2, 1201, 1400); 
INSERT INTO SALGRADE VALUES (3, 1401, 2000); 
INSERT INTO SALGRADE VALUES (4, 2001, 3000); 
INSERT INTO SALGRADE VALUES (5, 3001, 9999);


1)WRITE A NON-EQUI JOIN QUERY 
TO GET EMPNO,ENAME,SAL FROM EMP
GRADE FROM SAL GRADE
AND DISPLAY SALARIES BASED ON E.SAL COLUMN BETWEEN
THE RANGE OF LOSAL AND HISAL COLUMNS OF SALGRADE TABLE.

SOL:
=====

SELECT E.EMPNO,E.ENAME,E.SAL,S.GRADE
FROM EMP E,SALGRADE S WHERE E.SAL BETWEEN S.LOSAL AND S.HISAL;







Operators in MySQL
-------------------
Operators are used to specifying a condition in a statement in MySQL. 
Below are the different types of operators used in MySQL.

1. Arithmetic Operators
------------------------
In MySQL, arithmetic operators are used to perform the arithmetic operations as described below.


Arithmetic Operators in MySQL
-----------------------------

Operator	Description									Example
+		Addition of two operands							a + b
–		Subtraction of right operand from the left operand				a – b
*		Multiplication of two operands							a * b
/		Division of left operand by the right operand					a / b
%		Modulus – the remainder of the division of left operand by the right		a % b


Comparison Operators or relation operators
------------------------------------------

The comparison operators in MySql are used to compare values between operands and 
return true or false according to the condition specified in the statement.


Comparison Operators in MySQL
-----------------------------

Operator	Description	
--------	------------
>	If the value of left operand is greater than that of the value of the right operand, 
        the condition becomes true; if not then false.	

<	If the value of left operand is less than that of a value of the right operand, 
         the condition becomes true; if not then false.	

=	If both the operands have equal value, the condition becomes true; if not then false.

!=	If both the operands do not have equal value, the condition becomes true; if not then false.

>=	If the value of left operand is greater than or equal to the right operand, the condition becomes true; 
         if not then false.
	
<=	If the value of left operand is less than or equal to the right operand, the condition becomes true;
        if not then false.	

<>	If the values of two operands are not equal, the condition becomes true; if not then false.	

BETWEEN   RETURNS THE VALUE ,THE VALUE SPECIFIED IN THE RANGE.
            (INCLUSIVE)

IN      RETURNS THE VALUE ,THE VALUE AVAILABLE IN THE
                          GIVEN LIST OF VALUES.


Ex:
---
SELECT * FROM EMP WHERE SAL > 4000;

SELECT * FROM EMP WHERE SAL = 3000;

SELECT * FROM EMP WHERE SAL < 3000;

SELECT * FROM EMP WHERE SAL !=3000;

SELECT * FROM EMP WHERE SAL <>3000; -- not equal

select * from emp where sal in(2000,3000,4000);






Logical operators
-----------------
logical operators we perform boolean operations. 

MySQL understands these logical operators: 
AND, OR and NOT

Logical operators return TRUE or FALSE. In MySQL, 1 is true, 0 is false.

Ex:
---
1)The AND operator evaluates to true if both operands are true.

mysql> SELECT FALSE AND FALSE, FALSE AND TRUE,TRUE AND FALSE, TRUE AND TRUE;


2)The OR operator evaluates to true if at least one of the operands is true.

mysql> SELECT FALSE OR FALSE, FALSE OR TRUE, TRUE OR FALSE, TRUE OR TRUE;

3)The NOT operator is negation operator. It makes true false and false true.

mysql> SELECT NOT TRUE, NOT FALSE;

mysql> SELECT NOT (3=3);



Ex:
---
1)WRITE A QUERY TO DISPLAY RECORD WITH SPECIFIED RANGE(between oper)
  SAL 2000 AND 3000?
sol:- 

select * from emp where sal between 2000 and 3000;

select * from emp where sal>=2000 and sal<=3000;


2)WRITE A QUERY TO DISPLAY THE RECORDS BASED ON IN operator WHERE
 SAL 1000,2000,3000 ON EMP TABLE.


select * from emp where sal in(1000,2000,3000);

or

select * from emp where sal=1000 or sal=2000 or sal=3000;





 LIKE OPERATOR:
 ==============

  IT WILL RETRUN THE VALUE BASED ON SEARCH OF PATTERN

 THERE ARE TWO PATTERNS

 %  --PERCENATAGE-- REPRESENT ONE OR MORE CHARACTERS
 _  ---UNDERSCORE -- REPRESENT SINGLE CHARACTER


  SYNTAX:
  =======
  LIKE 'PATTERN'

 EX:
 ===

  WRITE A QUERY TO DISPALY ALL ENAMES FROM EMP
  WHERE ENAME START WITH S.

 SOL:
 ====
  SELECT ENAME FROM EMP WHERE ENAME LIKE 'S%';





  ex:
  ===
  write a query to display all enames start with
  sol:
  =====
  select ename from emp where ename like 'A_L%';







 ORDER BY CLAUSE:
 ================
 THIS CLAUSE IS USED TO SORT THE OUTPUT STATEMENT BASED ON SELECT
 QUERY.

 BY DEFAULT IT SORT ASCENDING OR ASC

 DESCENDING  
 -----------
 DESC

 SYNTAX:
 ========
 SELECT * FROM TABLENAME [WHERE] [ORDER BY COLUMNANME...];



 AGGREGATE FUNCTION or single row functions
 ===========================================
 An aggregate function performs a calculation on multiple values 
 and returns a single value. 
 ex:
 ---
  SUM 
  AVG
  MIN
  MAX
  COUNT
  DISTINCT -- TO REMOVE DUPLICATE VALUES



 GROUP BY Clause
 ---------------
 GROUP BY Clause is used to collect data from multiple records and group the result
 by one or more column.
 It is generally used in a SELECT statement.

 You can also use some aggregate functions like COUNT, SUM, MIN, MAX, AVG etc. on the grouped column. 

 SYNTAX:
 =======

  SELECT exp1,expr2,aggregate_function(expr) FROM TABLNAME [WHERE][GROUP BY exp1,expr2][ORDER BY COLUMNS];

 note:
 ----
 The expressions that are not encapsulated within an aggregate function and must be included in the GROUP BY clause.

 EX
 ===
 1)WRITE A QUERY TO PERFORM SUM OF SALARIES BASED ON for EACH
 DEPARTMENT NO FROM EMP TABLE.

 sol:
 ----
  select Deptno,sum(sal) from emp group by deptno;

  or 
  
  select Deptno,sum(sal) from emp group by deptno order by deptno;
 


 2) WRITE A QUERY TO PERFROM SUM OF SALARIES BASED ON for EACH
    DEPARMTENT NO AND COUNT NO EMPLOYESS IN EACH DEPT FROM EMP.
  
  sol:
  ----
   select deptno,count(ename),sum(sal) from emp group by deptno order by deptno;
   
 3)WRITE A QUERY TO PEFROM SUM OF SALARIES BASED ON
   for EACH DEPTNO AND for EACH JOB .

 sol:
 ----
  select  deptno,job,sum(sal),count(ename) from emp group by deptno,job order by deptno;
 
  

 HAVING Clause
 -------------
 
 HAVING Clause is used with GROUP BY clause. It always returns the rows where condition is TRUE.

 The  HAVING clause is used in the SELECT statement to specify filter conditions for a group of rows or aggregates.

 The HAVING clause is often used with the GROUP BY clause to filter groups based on a specified condition. 
 If the GROUP BY clause is omitted, the HAVING clause behaves like the WHERE clause.

 syntax:
 -------
 SELECT exp1,expr2,aggregate_function(expr) FROM TABLNAME [WHERE][GROUP BY exp1,expr2] 
								[Having condition][ORDER BY COLUMNS];

 Ex;
   ===
   Write a query to display sum(sal) of for each dept sum(sal)greater 8750?

   sol:
   ---

    select deptno,sum(sal) as ssal from emp group by deptno having sum(sal)>8750;

	or

    select deptno,sum(sal) as ssal from emp group by deptno having ssal>8750  ;



String Functions:
------------------ 

MySQL string functions that allow you to manipulate character string data effectively.

1. ASCII(str)
--------------
Returns the ASCII value of the leftmost character of the string str.

Ex:
--
mysql> select ascii('a');
+------------+
| ascii('a') |
+------------+
|         97 |
+------------+
1 row in set (0.00 sec)

mysql> select ascii('A');
+------------+
| ascii('A') |
+------------+
|         65 |
+------------+
1 row in set (0.00 sec)

Ex:
---
mysql> select ascii(ename) from emp;
+--------------+
| ascii(ename) |
+--------------+
|           83 |
|           65 |
|           87 |
|           74 |
|           77 |
|           66 |
|           67 |
|           83 |
|           75 |
|           84 |
|           65 |
|           74 |
|           70 |
|           77 |
+--------------+

2.CHAR_LENGTH(str)
------------------
Returns the length of the string str in characters.

ex:
----
mysql> select char_length('welcome');
+------------------------+
| char_length('welcome') |
+------------------------+
|                      7 |
+------------------------+
1 row in set (0.00 sec)

ex:
----
select ename,char_length(ename) as "len" from emp;


3.CONCAT(str1, str2, …., strn)
------------------------------
Returns a string formed by joining str1 to strn. If any sub-string is NULL, the result is NULL.

ex:
---
mysql> select concat('hello','hi','welcome') as concat;

mysql> select concat('hello ',ename) from emp;






4.CONCAT_WS(separator, str1, …, strn)
--------------------------------------
Returns a concatenated string separated by a separator.

Ex:
---
mysql> select concat_ws('#','hello','hi','welcome') as concat_ws;
+------------------+
| concat_ws        |
+------------------+
| hello#hi#welcome |
+------------------+

Ex:
---
mysql> select concat_ws('$','hello',ename) as concatws from emp;




5.INSERT(str, pos, len, newstr)
--------------------------------
Replaces the sub-string starting at position pos and of length len in the string str with newstr.

Ex:
---
mysql> select insert('welcome','3','3','aaa');
+---------------------------------+
| insert('welcome','3','3','aaa') |
+---------------------------------+
| weaaame                         |
+---------------------------------+

Ex:
---
mysql> select ename,insert(ename,3,3,'hii') from emp;

smith,3,3,'hii'  --smhii




6.INSTR(str, substr) / LOCATE(substr, str) / POSITION(substr IN str)
---------------------------------------------------------------------
Returns the position of the first occurrence of substr in str.

Ex:
---
mysql> select instr('foobar','oo');


7.LCASE() / LOWER() and UCASE() / UPPER()
-----------------------------------------
Converts a string to lower case and upper case.

Ex:
===
mysql> select lcase('HELLO');

mysql> select lower('HELLO')

mysql> select  ucase('sdsdsd');

mysql> select  upper('sdsdsd');

write a query to dislay the ename in lower case from emp table
 select lower(ename) from emp;



8.LEFT(str, len) / RIGHT(str, len)
----------------------------------
Returns the leftmost and rightmost len characters from the string str.

Ex:
--
mysql> select left('hello',3);
+-----------------+
| left('hello',3) |
+-----------------+
| hel             |
+-----------------+
1 row in set (0.00 sec)

mysql> select right('hello',3);
+------------------+
| right('hello',3) |
+------------------+
| llo              |
+------------------+
1 row in set (0.00 sec)

 select left(ename,3) from emp;
 select right(ename,3) from emp;


9.LENGTH(str) / OCTET_LENGTH(str)
---------------------------------
Returns the length of the string str in bytes. 

This is very much like CHAR_LENGTH function. 

Ex:
===
mysql> select length('welcome');

mysql> select ename,length(ename),char_length(ename) from emp;


LTRIM(str) / RTRIM(str) / TRIM(str)
--------------------------------------
Returns the string str after trimming white spaces from left, right or both ends.

Ex;
---
mysql> select ltrim('  hello');

mysql> select rtrim('hello   ');

mysql> select trim('   hello   ');


12.QUOTE(str)
-------------
This query quotes and un-quotes the string str. 
Special characters are escaped.

mysql> select quote('welcome$hello');
+------------------------+
| quote('welcome$hello') |
+------------------------+
| 'welcome$hello'        |
+------------------------+
1 row in set (0.00 sec)

mysql> select quote('welcome\n hello');
+--------------------------+
| quote('welcome\n hello') |
+--------------------------+
| 'welcome
 hello'         |
+--------------------------+

select quote(ename) from emp;





13.REPLACE(str, from_str, to_str)
-----------------------------------
Replaces all occurrences of sub-string from_str with sub-string to_str in the string str. 
It is case-sensitive.

Ex:
---
mysql> select replace('welcome','el','hi');
+------------------------------+
| replace('welcome','el','hi') |
+------------------------------+
| whicome                      |
+------------------------------+
1 row in set (0.00 sec)


Ex:
---
mysql> select ename,replace(ename,'S','A') from emp;



14.REVERSE(str)
---------------
Reverses the string str.

Ex:
---
mysql> select reverse('hello') ;

mysql> select ename,reverse(ename) from emp;



15.SUBSTR(str, pos)/SUBSTRING(str, pos)/SUBSTR(str, pos, len)/SUBSTRING(str, pos, len)
--------------------------------------------------------------------------------------
Returns a substring from the string str starting from position pos, 
till the end if no len is specified or for len characters otherwise. 

Remember, Index starts from 1 in MySQL

Ex:
==
mysql> select substr('hello',2),substring('hello',2);
+-------------------+----------------------+
| substr('hello',2) | substring('hello',2) |
+-------------------+----------------------+
| ello              | ello                 |
+-------------------+----------------------+
1 row in set (0.01 sec)

mysql> select substr('hello',2,2),substring('hello',2,2);
+---------------------+------------------------+
| substr('hello',2,2) | substring('hello',2,2) |
+---------------------+------------------------+
| el                  | el                     |
+---------------------+------------------------+
1 row in set (0.00 sec)

Ex:
---
mysql> select substr('welcome',-4,3);



+------------------------+
| substr('welcome',-4,3) |
+------------------------+
| com                    |
+------------------------+
1 row in set (0.00 sec)



NUMBER FUNCTIONS:
=================

ABS -- IT WILL DISPLAY ABSLOUTE VALUE INTEGER.

SYNTAX:
=======
ABS(NUM)

EX:
===

SELECT ABS(5),ABS(-5),ABS(NULL);

OLP:--  5,5,

SQRT:
=====
IT WILL RETRUN SQRT ROOT VALUE OF A NUMBER.

SYNTAX:
========
SQRT(NUM);

EX:
===

SELECT SQRT(4),SQRT(9),SQRT(5),SQRT(NULL);

OLP:-- 2,3,2.36,


MOD:
====

THIS FUNCTION RETRUN REMAINDER.

SYNTAX
======

MOD(VALUE,DIVISON);

EX:
===
SELECT MOD(4,2),MOD(5,2);

O/P:- 0,1

ifnull():
=========

THIS FUNCTION IS USED TO REPLACE THE NULL VALUES.

SYNTAX:
-------
ifNULL(colname,REPLACE VALUE)

EX:
===
WRITE A QUERY TO DISPLAY COMM COLUMN FROM EMP
AN REPLACE NULL VALUES WITH 0;

SOL:
====

SELECT ifnull(COMM,0) FROM EMP;


CEIL:
======

THIS FUNCTION ROUND THE VALUE TO not less than current value.

SYNTAX:
========

CEIL(NUM);

EX:
===

SELECT CEIL(4.5),CEIL(5),CEIL(4.2) ;

OLP:- 5,5,5

FLOOR:
======
THIS FUNCTION ROUND THE VALUE TO Lowest POSSIBLE VALUE

SYNTAX:
-------
FLOOR(NUM);

EX:
===

SELECT FLOOR(4.5),FLOOR(4.2),FLOOR(4.7);

O/P:- 4,4,4,

pow(numer,exponential):
======================
it will return power of an number.

select pow(3,2),pow(2,3);

o/p:-   9,8


